-- phpMyAdmin SQL Dump
-- version 5.2.0
-- https://www.phpmyadmin.net/
--
-- Хост: 127.0.0.1:3306
-- Время создания: Июл 27 2023 г., 02:58
-- Версия сервера: 8.0.30
-- Версия PHP: 7.2.34

SET SQL_MODE = "NO_AUTO_VALUE_ON_ZERO";
START TRANSACTION;
SET time_zone = "+00:00";


/*!40101 SET @OLD_CHARACTER_SET_CLIENT=@@CHARACTER_SET_CLIENT */;
/*!40101 SET @OLD_CHARACTER_SET_RESULTS=@@CHARACTER_SET_RESULTS */;
/*!40101 SET @OLD_COLLATION_CONNECTION=@@COLLATION_CONNECTION */;
/*!40101 SET NAMES utf8mb4 */;

--
-- База данных: `APS`
--

-- --------------------------------------------------------

--
-- Структура таблицы `card_lesson`
--

CREATE TABLE `card_lesson` (
  `id` int NOT NULL,
  `id_user` int NOT NULL,
  `id_lesson` int NOT NULL,
  `score` int DEFAULT NULL
) ENGINE=InnoDB DEFAULT CHARSET=utf8mb4 COLLATE=utf8mb4_0900_ai_ci;

--
-- Дамп данных таблицы `card_lesson`
--

INSERT INTO `card_lesson` (`id`, `id_user`, `id_lesson`, `score`) VALUES
(1, 1, 1, 5),
(2, 1, 2, 5),
(3, 1, 3, 4),
(4, 1, 4, 5),
(5, 1, 5, 3),
(6, 1, 6, 4),
(7, 1, 7, 3),
(8, 1, 8, 5),
(9, 1, 9, 3),
(10, 1, 10, 3),
(11, 1, 11, 4),
(12, 1, 12, 3),
(13, 1, 13, 4),
(14, 1, 14, 3),
(15, 1, 15, 5),
(16, 1, 16, 5),
(17, 1, 17, 5),
(18, 1, 18, 3),
(19, 1, 19, 2),
(20, 1, 20, 4),
(21, 1, 21, 3),
(22, 1, 22, 5),
(23, 1, 23, 3),
(24, 1, 24, 3),
(25, 1, 25, 3),
(26, 1, 26, 5),
(27, 1, 27, 5),
(28, 1, 28, 4),
(29, 1, 29, 3),
(30, 1, 30, 3),
(31, 1, 31, 3),
(32, 1, 32, 5),
(33, 1, 33, 3),
(34, 1, 34, 3),
(35, 1, 35, 3),
(36, 1, 36, 2),
(37, 1, 37, 5),
(38, 1, 38, 3),
(39, 1, 39, 3),
(40, 1, 40, 4),
(41, 1, 41, 0),
(42, 1, 42, 0),
(43, 1, 43, 0),
(44, 1, 44, 0),
(45, 1, 45, 0),
(46, 1, 46, 0),
(47, 1, 47, 0),
(48, 1, 48, 0),
(49, 1, 49, 0),
(50, 1, 50, 0),
(51, 1, 51, 0),
(52, 1, 52, 0),
(53, 1, 53, 0),
(54, 1, 54, 0);

-- --------------------------------------------------------

--
-- Структура таблицы `card_object`
--

CREATE TABLE `card_object` (
  `id` int NOT NULL,
  `id_user` int DEFAULT NULL,
  `id_object` int NOT NULL,
  `score` int DEFAULT NULL
) ENGINE=InnoDB DEFAULT CHARSET=utf8mb4 COLLATE=utf8mb4_0900_ai_ci;

--
-- Дамп данных таблицы `card_object`
--

INSERT INTO `card_object` (`id`, `id_user`, `id_object`, `score`) VALUES
(1, 1, 1, 4);

-- --------------------------------------------------------

--
-- Структура таблицы `card_topic`
--

CREATE TABLE `card_topic` (
  `id` int NOT NULL,
  `id_user` int NOT NULL,
  `id_topic` int NOT NULL,
  `score` int DEFAULT NULL
) ENGINE=InnoDB DEFAULT CHARSET=utf8mb4 COLLATE=utf8mb4_0900_ai_ci;

--
-- Дамп данных таблицы `card_topic`
--

INSERT INTO `card_topic` (`id`, `id_user`, `id_topic`, `score`) VALUES
(1, 1, 1, 4),
(2, 1, 2, 5),
(3, 1, 3, 4),
(4, 1, 4, 0);

-- --------------------------------------------------------

--
-- Структура таблицы `graf`
--

CREATE TABLE `graf` (
  `date` date DEFAULT NULL,
  `grade` float DEFAULT NULL
) ENGINE=InnoDB DEFAULT CHARSET=utf8mb4 COLLATE=utf8mb4_0900_ai_ci;

--
-- Дамп данных таблицы `graf`
--

INSERT INTO `graf` (`date`, `grade`) VALUES
('2023-07-26', 3.59684),
('2023-07-27', 3.04685),
('2023-07-28', 3.70732),
('2023-07-29', 3.97923),
('2023-07-30', 3.16255),
('2023-07-31', 3.65065),
('2023-08-01', 3.92876),
('2023-08-02', 3.25671),
('2023-08-03', 3.61103),
('2023-08-04', 3.8819),
('2023-08-05', 3.33282),
('2023-08-06', 3.58428),
('2023-08-07', 3.83935),
('2023-08-08', 3.39389),
('2023-08-09', 3.56713),
('2023-08-10', 3.80138),
('2023-08-11', 3.44253),
('2023-08-12', 3.55703),
('2023-08-13', 3.76797),
('2023-08-14', 3.48099),
('2023-08-15', 3.552),
('2023-08-16', 3.73895),
('2023-08-17', 3.51114),
('2023-08-18', 3.55051),
('2023-08-19', 3.714),
('2023-08-20', 3.53458),
('2023-08-21', 3.55144),
('2023-08-22', 3.69276),
('2023-08-23', 3.55262),
('2023-08-24', 3.55392),
('2023-08-25', 3.67484),
('2023-08-26', 3.56637),
('2023-08-27', 3.55733),
('2023-08-28', 3.65984),
('2023-08-29', 3.57672),
('2023-08-30', 3.56121),
('2023-08-31', 3.64738),
('2023-09-01', 3.5844),
('2023-09-02', 3.56524),
('2023-09-03', 3.63711),
('2023-09-04', 3.59),
('2023-09-05', 3.56922),
('2023-09-06', 3.6287),
('2023-09-07', 3.594),
('2023-09-08', 3.57299),
('2023-09-09', 3.62187),
('2023-09-10', 3.59678),
('2023-09-11', 3.57647),
('2023-09-12', 3.61635),
('2023-09-13', 3.59864),
('2023-09-14', 3.57963),
('2023-09-15', 3.61193),
('2023-09-16', 3.59982),
('2023-09-17', 3.58243);

-- --------------------------------------------------------

--
-- Структура таблицы `lesson`
--

CREATE TABLE `lesson` (
  `id` int NOT NULL,
  `name` text NOT NULL,
  `id_topic` int NOT NULL
) ENGINE=InnoDB DEFAULT CHARSET=utf8mb4 COLLATE=utf8mb4_0900_ai_ci;

--
-- Дамп данных таблицы `lesson`
--

INSERT INTO `lesson` (`id`, `name`, `id_topic`) VALUES
(1, '1. Принципы работы и применение искусственного интеллекта.', 1),
(2, '2. Основные типы интеллектуальных систем и их различия.', 1),
(3, '3. Автоматическое обучение: нейронные сети, глубокое обучение, и сверточные сети.', 1),
(4, '4. Применение искусственного интеллекта в медицине и здравоохранении.', 1),
(5, '5. Этические аспекты развития и использования искусственного интеллекта.', 1),
(6, '6. Интеллектуальные системы в робототехнике и автономных устройствах.', 1),
(7, '7. Модели представления знаний: логические, семантические, онтологии.', 1),
(8, '8. Проблема обучения без учителя в искусственном интеллекте.', 1),
(9, '9. Интеллектуальные системы в управлении городской инфраструктурой.', 1),
(10, '10. Искусственный интеллект в промышленности и производстве.', 1),
(11, '11. Роль искусственного интеллекта в анализе больших данных (Big Data).', 1),
(12, '12. Интеллектуальные агенты и их применение в различных сферах.', 1),
(13, '13. Робототехника и искусственный интеллект в космических исследованиях.', 1),
(14, '14. Искусственный интеллект и автоматизация в бизнесе и управлении предприятием.', 1),
(15, '15. Прогнозирование и предсказание с помощью интеллектуальных систем и алгоритмов.', 1),
(16, '1. Введение в системы интеллектуального анализа данных (ИАД).', 2),
(17, '2. Алгоритмы машинного обучения в системах ИАД.', 2),
(18, '3. Обработка и предварительный анализ данных в системах ИАД.', 2),
(19, '4. Использование искусственных нейронных сетей в ИАД.', 2),
(20, '5. ИАД для классификации и кластеризации данных.', 2),
(21, '6. Прогнозирование с помощью систем интеллектуального анализа данных.', 2),
(22, '7. Роль ИАД в обработке естественного языка (Natural Language Processing, NLP).', 2),
(23, '8. ИАД для обнаружения аномалий и выбросов в данных.', 2),
(24, '9. Генетические алгоритмы и эволюционные стратегии в системах ИАД.', 2),
(25, '10. Визуализация данных в системах интеллектуального анализа данных.', 2),
(26, '11. Использование ИАД в медицине и биоинформатике.', 2),
(27, '12. Применение ИАД в финансовой аналитике и прогнозировании рынков.', 2),
(28, '13. Этические аспекты и социальные вопросы использования ИАД.', 2),
(29, '14. ИАД и автоматизация процессов в промышленности и производстве.', 2),
(30, '15. Перспективы развития систем интеллектуального анализа данных.', 2),
(31, '1. Экспертные системы: Архитектура и принципы работы', 3),
(32, '2. Машинное обучение и интеллектуальный анализ данных: Перспективы и вызовы', 3),
(33, '3. Обработка естественного языка (Natural Language Processing, NLP) в интеллектуальных системах', 3),
(34, '4. Онтологии и семантические сети: Значение и применение в обработке знаний', 3),
(35, '5. Методы вероятностного рассуждения в интеллектуальных системах', 3),
(36, '6. Нейронные сети и их роль в обработке знаний и распознавании образов', 3),
(37, '7. Автоматическое обучение и адаптация в интеллектуальных системах', 3),
(38, '8. Кластеризация данных и выявление паттернов в интеллектуальных системах', 3),
(39, '9. Применение генетических алгоритмов в обработке знаний и оптимизации', 3),
(40, '10. Использование интеллектуальных систем и робототехники для автономных решений в различных областях', 3),
(41, '1. Интегрированные среды разработки для искусственного интеллекта', 4),
(42, '2. Библиотеки машинного обучения и нейронных сетей', 4),
(43, '3. Разработка экспертных систем: языки правил и инструменты', 4),
(44, '4. Инструменты для обработки естественного языка (Natural Language Processing, NLP)', 4),
(45, '5. Онтологические редакторы и средства создания онтологий', 4),
(46, '6. Визуальное программирование для искусственного интеллекта', 4),
(47, '7. Средства разработки генетических алгоритмов и эволюционных стратегий', 4),
(48, '8. Фреймворки для разработки интеллектуальных агентов', 4),
(49, '9. Системы поддержки принятия решений и обработки данных', 4),
(50, '10. Интеграция и взаимодействие интеллектуальных систем с другими приложениями', 4),
(51, '11. Средства для анализа и визуализации данных в интеллектуальных системах', 4),
(52, '12. Разработка интеллектуальных систем для робототехники и автономных устройств', 4),
(53, '13. Создание мобильных приложений с элементами искусственного интеллекта', 4),
(54, '14. Применение средств разработки ИИ в различных отраслях: медицине, финансах, производстве и др', 4);

-- --------------------------------------------------------

--
-- Структура таблицы `object`
--

CREATE TABLE `object` (
  `id` int NOT NULL,
  `name` text NOT NULL
) ENGINE=InnoDB DEFAULT CHARSET=utf8mb4 COLLATE=utf8mb4_0900_ai_ci;

--
-- Дамп данных таблицы `object`
--

INSERT INTO `object` (`id`, `name`) VALUES
(1, 'Искуственный интелект');

-- --------------------------------------------------------

--
-- Структура таблицы `topic`
--

CREATE TABLE `topic` (
  `id` int NOT NULL,
  `name` text NOT NULL,
  `id_object` int NOT NULL
) ENGINE=InnoDB DEFAULT CHARSET=utf8mb4 COLLATE=utf8mb4_0900_ai_ci;

--
-- Дамп данных таблицы `topic`
--

INSERT INTO `topic` (`id`, `name`, `id_object`) VALUES
(1, 'Интеллектуальные системы и Модели представления знаний', 1),
(2, 'Системы интеллектуального анализа данных', 1),
(3, 'Методы и средства обработки знаний в интеллектуальных системах', 1),
(4, 'Средства разработки интеллектуальных систем', 1);

-- --------------------------------------------------------

--
-- Структура таблицы `topics_to_study`
--

CREATE TABLE `topics_to_study` (
  `id` int NOT NULL,
  `id_user` int NOT NULL,
  `id_topic` int NOT NULL
) ENGINE=InnoDB DEFAULT CHARSET=utf8mb4 COLLATE=utf8mb4_0900_ai_ci;

--
-- Дамп данных таблицы `topics_to_study`
--

INSERT INTO `topics_to_study` (`id`, `id_user`, `id_topic`) VALUES
(1, 1, 4);

-- --------------------------------------------------------

--
-- Структура таблицы `user`
--

CREATE TABLE `user` (
  `id` int NOT NULL,
  `name` text NOT NULL,
  `surname` text NOT NULL,
  `patronymic` text
) ENGINE=InnoDB DEFAULT CHARSET=utf8mb4 COLLATE=utf8mb4_0900_ai_ci;

--
-- Дамп данных таблицы `user`
--

INSERT INTO `user` (`id`, `name`, `surname`, `patronymic`) VALUES
(1, 'Иван', 'Иванов', 'Иванович');

--
-- Индексы сохранённых таблиц
--

--
-- Индексы таблицы `card_lesson`
--
ALTER TABLE `card_lesson`
  ADD PRIMARY KEY (`id`),
  ADD KEY `id_lesson` (`id_lesson`),
  ADD KEY `id_user` (`id_user`);

--
-- Индексы таблицы `card_object`
--
ALTER TABLE `card_object`
  ADD PRIMARY KEY (`id`),
  ADD KEY `id_object` (`id_object`),
  ADD KEY `id_user` (`id_user`);

--
-- Индексы таблицы `card_topic`
--
ALTER TABLE `card_topic`
  ADD PRIMARY KEY (`id`),
  ADD KEY `id_topic` (`id_topic`),
  ADD KEY `id_user` (`id_user`);

--
-- Индексы таблицы `lesson`
--
ALTER TABLE `lesson`
  ADD PRIMARY KEY (`id`),
  ADD KEY `id_topic` (`id_topic`);

--
-- Индексы таблицы `object`
--
ALTER TABLE `object`
  ADD PRIMARY KEY (`id`);

--
-- Индексы таблицы `topic`
--
ALTER TABLE `topic`
  ADD PRIMARY KEY (`id`),
  ADD KEY `id_object` (`id_object`);

--
-- Индексы таблицы `topics_to_study`
--
ALTER TABLE `topics_to_study`
  ADD PRIMARY KEY (`id`);

--
-- Индексы таблицы `user`
--
ALTER TABLE `user`
  ADD PRIMARY KEY (`id`);

--
-- AUTO_INCREMENT для сохранённых таблиц
--

--
-- AUTO_INCREMENT для таблицы `topics_to_study`
--
ALTER TABLE `topics_to_study`
  MODIFY `id` int NOT NULL AUTO_INCREMENT, AUTO_INCREMENT=4;

--
-- Ограничения внешнего ключа сохраненных таблиц
--

--
-- Ограничения внешнего ключа таблицы `card_lesson`
--
ALTER TABLE `card_lesson`
  ADD CONSTRAINT `card_lesson_ibfk_1` FOREIGN KEY (`id_lesson`) REFERENCES `lesson` (`id`) ON DELETE RESTRICT ON UPDATE RESTRICT,
  ADD CONSTRAINT `card_lesson_ibfk_2` FOREIGN KEY (`id_user`) REFERENCES `user` (`id`) ON DELETE RESTRICT ON UPDATE RESTRICT;

--
-- Ограничения внешнего ключа таблицы `card_object`
--
ALTER TABLE `card_object`
  ADD CONSTRAINT `card_object_ibfk_1` FOREIGN KEY (`id_object`) REFERENCES `object` (`id`) ON DELETE RESTRICT ON UPDATE RESTRICT,
  ADD CONSTRAINT `card_object_ibfk_2` FOREIGN KEY (`id_user`) REFERENCES `user` (`id`) ON DELETE RESTRICT ON UPDATE RESTRICT;

--
-- Ограничения внешнего ключа таблицы `card_topic`
--
ALTER TABLE `card_topic`
  ADD CONSTRAINT `card_topic_ibfk_1` FOREIGN KEY (`id_topic`) REFERENCES `topic` (`id`) ON DELETE RESTRICT ON UPDATE RESTRICT,
  ADD CONSTRAINT `card_topic_ibfk_2` FOREIGN KEY (`id_user`) REFERENCES `user` (`id`) ON DELETE RESTRICT ON UPDATE RESTRICT;

--
-- Ограничения внешнего ключа таблицы `lesson`
--
ALTER TABLE `lesson`
  ADD CONSTRAINT `lesson_ibfk_1` FOREIGN KEY (`id_topic`) REFERENCES `topic` (`id`) ON DELETE RESTRICT ON UPDATE RESTRICT;

--
-- Ограничения внешнего ключа таблицы `topic`
--
ALTER TABLE `topic`
  ADD CONSTRAINT `topic_ibfk_1` FOREIGN KEY (`id_object`) REFERENCES `object` (`id`) ON DELETE RESTRICT ON UPDATE RESTRICT;
COMMIT;

/*!40101 SET CHARACTER_SET_CLIENT=@OLD_CHARACTER_SET_CLIENT */;
/*!40101 SET CHARACTER_SET_RESULTS=@OLD_CHARACTER_SET_RESULTS */;
/*!40101 SET COLLATION_CONNECTION=@OLD_COLLATION_CONNECTION */;
